name,link,1D,30D,1Y
Alfalah GHP Dedicated Equity Fund,https://sarmaaya.pk/mutual-funds/fund/daf446ea-4a4c-4e51-bdc9-a37837210201,6.17%,1.97%,216.43%
HBL Investment Fund-Class A,https://sarmaaya.pk/mutual-funds/fund/e3322f51-c790-48e6-bd59-dac16b7ff748,6.07%,3.54%,109.28%
HBL Growth Fund-Class A,https://sarmaaya.pk/mutual-funds/fund/ac236e09-2caa-43dd-90dc-01cf81da1bf1,0.77%,-2.54%,100.71%
HBL Islamic Stock Fund,https://sarmaaya.pk/mutual-funds/fund/2fd878d8-2971-4c79-812d-4fe64ccd0bd1,7.76%,1.46%,93.02%
AL Habib Stock Fund,https://sarmaaya.pk/mutual-funds/fund/bd6cc51a-fc3c-42e1-b42e-0a380c285977,6.33%,2.50%,78.04%
AL Habib Pension Fund,https://sarmaaya.pk/mutual-funds/fund/31c18202-70f8-4a33-888e-9d6c7ec76916,5.95%,2.40%,76.82%
UBL Retirement Saving Fund,https://sarmaaya.pk/mutual-funds/fund/0c35e4f0-835f-481d-a01b-e625227c2f25,6.10%,3.27%,76.19%
AL Habib Islamic Pension Fund,https://sarmaaya.pk/mutual-funds/fund/a56a55a8-e488-4002-9a97-8871f7259c3c,6.53%,2.30%,75.71%
NAFA Pension Fund,https://sarmaaya.pk/mutual-funds/fund/7f0d07e4-33fe-4dfb-b5cf-c1b60c16a636,5.85%,3.56%,72.72%
Al Ameen Islamic Retirement Savings Fund,https://sarmaaya.pk/mutual-funds/fund/be051e99-e6e5-4809-9a84-6540b9d4f4e7,6.88%,3.51%,71.90%
AL Habib Islamic Stock Fund,https://sarmaaya.pk/mutual-funds/fund/a90441e1-ecae-4dc4-835a-f9b23e3b75c4,6.56%,1.70%,70.33%
AL Habib Asset Allocation Fund,https://sarmaaya.pk/mutual-funds/fund/1ec0527b-a58a-4dda-9407-f24cdecd8263,4.69%,2.33%,66.51%
Alfalah Stock Fund - II (Formerly: Faysal Stock Fund),https://sarmaaya.pk/mutual-funds/fund/ddf1c3ab-df73-4962-87ec-32cef5f52486,6.02%,0.06%,66.38%
NAFA Islamic Pension Fund,https://sarmaaya.pk/mutual-funds/fund/82892774-289c-45a9-beb2-855fa35fc9e9,6.79%,3.17%,65.97%
Al Ameen Islamic Energy Fund,https://sarmaaya.pk/mutual-funds/fund/3e2fe825-b10f-406c-849d-a305addb8c21,7.31%,0.56%,65.70%
JS Pension Savings Fund,https://sarmaaya.pk/mutual-funds/fund/4d4f6b2f-850c-4371-97a0-75f1a46fa6ed,6.27%,0.90%,65.48%
JS Momentum Factor Exchange Traded Fund,https://sarmaaya.pk/mutual-funds/fund/d8cc72d2-47fd-464d-9af1-fe20fe875b87,8.68%,0.16%,64.65%
NIT Pakistan Gateway Exchange Traded Fund,https://sarmaaya.pk/mutual-funds/fund/44750c57-cd55-411f-aca5-487890a4f402,-2.15%,8.32%,64.17%
Meezan Dedicated Equity Fund,https://sarmaaya.pk/mutual-funds/fund/e88b6193-2b53-4b92-9167-1b4df4015355,6.63%,3.61%,63.80%
NBP Stock Fund,https://sarmaaya.pk/mutual-funds/fund/34ffaecf-8342-4977-9f66-453f9218afdb,5.95%,2.28%,63.71%
Alfalah GHP Alpha Fund,https://sarmaaya.pk/mutual-funds/fund/3de7c0d8-06c6-42bd-b40e-248dded6c23b,5.60%,2.17%,63.36%
Meezan Tahaffuz Pension Fund,https://sarmaaya.pk/mutual-funds/fund/8da887e9-1f61-4d78-be61-e1e1bc7ac21d,6.68%,3.74%,63.07%
HBL Islamic Pension Fund,https://sarmaaya.pk/mutual-funds/fund/c842f575-d347-4ac4-baf3-3c1752144471,7.50%,0.60%,62.59%
Al Ameen Shariah Stock Fund,https://sarmaaya.pk/mutual-funds/fund/961e6b11-ec7f-442b-aaa2-c066869bfa57,6.99%,3.31%,62.32%
Al Meezan Mutual Fund,https://sarmaaya.pk/mutual-funds/fund/ea6b13b2-f1e1-460a-904f-29a8747521da,6.64%,3.52%,62.09%
Alfalah GHP Pension Fund,https://sarmaaya.pk/mutual-funds/fund/c257e52f-7b5c-4be3-9497-00d4ab79218d,5.40%,1.98%,61.86%
NBP Islamic Energy Fund,https://sarmaaya.pk/mutual-funds/fund/3a078ef1-5b12-4323-8459-97999acd9780,7.22%,0.58%,61.73%
Alfalah GHP Islamic Pension Fund,https://sarmaaya.pk/mutual-funds/fund/e08fc302-74c9-4bbc-a189-e45d1af2b9ba,6.89%,2.87%,61.70%
Atlas Pension Islamic Fund,https://sarmaaya.pk/mutual-funds/fund/1367eb8b-8cae-477e-8ee8-24740729a441,7.44%,2.39%,61.55%
NBP Islamic Stock Fund,https://sarmaaya.pk/mutual-funds/fund/c685351e-ff4c-4b06-b89c-d8c7b67a82aa,6.96%,1.74%,61.24%
ABL Pension Fund,https://sarmaaya.pk/mutual-funds/fund/0290ecb6-88d3-40eb-95c7-535653d0c5bb,6.46%,1.43%,61.20%
Alfalah GHP Stock Fund,https://sarmaaya.pk/mutual-funds/fund/0ff41c7a-91e2-43ed-8e47-e04d8243f9b7,6.18%,1.95%,60.78%
Alfalah GHP Prosperity Planning Fund (Alfalah GHP Active Allocation Plan),https://sarmaaya.pk/mutual-funds/fund/7d61fc57-494b-40e0-8a5a-e59e7cb9b61a,6.02%,1.89%,59.74%
AWT Stock Fund,https://sarmaaya.pk/mutual-funds/fund/946c4b77-b98d-4f1b-b386-4c8ad1004547,6.67%,1.93%,59.49%
Atlas Pension Fund,https://sarmaaya.pk/mutual-funds/fund/19d82c95-ad27-4b51-bb1d-a2790f22d9eb,6.25%,2.87%,59.37%
MCB Pakistan Stock Market Fund,https://sarmaaya.pk/mutual-funds/fund/30e49a4d-efb8-48c1-9b3c-39cc467073ee,-3.13%,-1.65%,58.64%
Atlas Stock Market Fund,https://sarmaaya.pk/mutual-funds/fund/17ed5324-b3d6-4a60-9d7c-1aed5283b6f5,6.11%,2.56%,58.54%
ABL Stock Fund,https://sarmaaya.pk/mutual-funds/fund/ddd878cb-8ef6-4408-a966-690b07fa51a4,6.54%,2.27%,58.53%
Pakistan Pension Fund,https://sarmaaya.pk/mutual-funds/fund/588f65fb-69cf-44b2-a7ad-5a186dc7effa,-3.29%,-1.73%,58.48%
Faysal Islamic Pension Fund,https://sarmaaya.pk/mutual-funds/fund/8b647993-eb7b-4629-b059-02931f51728a,6.98%,1.77%,57.01%
Alfalah Asset Allocation Fund (Formerly: Faysal Asset Allocation Fund),https://sarmaaya.pk/mutual-funds/fund/379f5ac0-6083-48cd-9d53-5c372eb6f6dd,5.43%,1.78%,56.86%
Atlas Islamic Stock Fund,https://sarmaaya.pk/mutual-funds/fund/59ea0aee-73b0-4b2d-86cd-e68afb757a62,7.34%,2.11%,56.69%
Meezan Islamic Fund,https://sarmaaya.pk/mutual-funds/fund/698bac51-81aa-4e0c-ad94-93d630e1e2a4,6.69%,2.89%,56.58%
Al Ameen Islamic Aggressive Income Plan I,https://sarmaaya.pk/mutual-funds/fund/2ba76595-c620-448e-b7e1-3e8c19938f63,11.90%,424.02%,55.90%
Meezan Asset Allocation Fund,https://sarmaaya.pk/mutual-funds/fund/53c770de-13ae-4a3b-8fbc-f74f0cf53c6e,5.94%,3.78%,55.80%
JS Large Cap Fund,https://sarmaaya.pk/mutual-funds/fund/fce4b45e-5a0e-4c52-b971-08239b83ac01,6.75%,2.17%,55.70%
UBL Stock Advantage Fund,https://sarmaaya.pk/mutual-funds/fund/365f1518-5686-4d4e-b706-e5474393216b,-3.55%,-2.69%,55.70%
NBP Sarmaya Izafa Fund,https://sarmaaya.pk/mutual-funds/fund/abe9f12c-35ab-4fd6-9fda-4ad4a124354a,4.68%,0.64%,55.51%
Atlas Islamic Dedicated Stock Fund,https://sarmaaya.pk/mutual-funds/fund/40bf7690-73d2-4e9d-90cd-daa0b5aabc6b,7.35%,2.02%,55.45%
Meezan Energy Fund,https://sarmaaya.pk/mutual-funds/fund/25ec9842-c58c-4b3a-bb7c-eb2a08778fae,6.44%,0.77%,54.88%
HBL Energy Fund,https://sarmaaya.pk/mutual-funds/fund/81bf0a2a-5f02-49da-883f-fb51ebc5bd65,8.03%,1.31%,54.85%
ABL Financial Planning Fund (Strategic Allocation Plan),https://sarmaaya.pk/mutual-funds/fund/8f865b06-289c-4292-88d9-813a9c9d7358,5.31%,1.91%,54.42%
Lakson Equity Fund,https://sarmaaya.pk/mutual-funds/fund/aaa602d9-9e40-4e5c-923d-6db7acc3d7b0,-0.01%,-0.08%,54.09%
AWT Islamic Stock Fund,https://sarmaaya.pk/mutual-funds/fund/9b969e4f-d9a5-422d-b9ee-a54c1bdfa04f,7.47%,2.09%,53.98%
ABL Islamic Pension Fund,https://sarmaaya.pk/mutual-funds/fund/e9cb1e10-f4c2-4583-94e6-609719009796,6.72%,0.65%,53.95%
NBP Financial Sector Fund,https://sarmaaya.pk/mutual-funds/fund/381d254a-ad37-4e82-8d53-f535699d4946,3.05%,3.80%,53.52%
Alfalah Consumer Index Exchange Traded Fund,https://sarmaaya.pk/mutual-funds/fund/2e9947be-ec09-4a48-92ac-30e083cefaf8,7.86%,1.10%,53.49%
HBL Pension Fund,https://sarmaaya.pk/mutual-funds/fund/5c376b2a-b889-492b-a478-e6b9b9bf122c,7.28%,0.84%,53.49%
UBL Pakistan Enterprise Exchange Traded Fund,https://sarmaaya.pk/mutual-funds/fund/4f3d12c5-0d97-42a9-be44-4412b71448b5,-2.23%,-2.11%,52.75%
NBP Pakistan Growth Exchange Traded Fund,https://sarmaaya.pk/mutual-funds/fund/1bb0785f-307c-4233-b48b-6d6acf876e0b,5.29%,2.75%,52.53%
UBL Retirement Saving Fund,https://sarmaaya.pk/mutual-funds/fund/46cf2f78-68ec-4cf0-a64f-070444f6433f,-1.13%,-0.46%,51.86%
HBL Equity Fund,https://sarmaaya.pk/mutual-funds/fund/fd25cb64-d9b5-4cbd-b78e-44ebea1abd9a,7.60%,0.69%,51.76%
Allied Finergy Fund,https://sarmaaya.pk/mutual-funds/fund/b91cf7cb-a701-4b78-b871-a8a4cbbfe733,5.03%,2.06%,50.63%
JS Islamic Pension Savings Fund,https://sarmaaya.pk/mutual-funds/fund/7195a5d6-ecb4-488e-af54-872b7e8d37d1,7.51%,0.27%,49.91%
JS Growth Fund,https://sarmaaya.pk/mutual-funds/fund/2cde1fa2-cbd9-429a-a16d-4125d9248482,6.46%,2.48%,49.77%
National Investment Unit Trust,https://sarmaaya.pk/mutual-funds/fund/5c81ea48-2e88-4556-91dd-74c975047528,-3.83%,-2.82%,49.75%
Alfalah GHP Islamic Dedicated Equity Fund,https://sarmaaya.pk/mutual-funds/fund/feee46d6-16bd-43ab-841d-74059dc155db,6.96%,2.57%,49.57%
JS Islamic Fund,https://sarmaaya.pk/mutual-funds/fund/4be15d35-6534-4c0b-a09e-cdc17ae30cba,8.18%,0.83%,49.34%
ABL Islamic Stock Fund,https://sarmaaya.pk/mutual-funds/fund/6aaa0979-eead-4b43-9bea-ed85446833ea,6.21%,0.14%,49.25%
HBL Islamic Asset Allocation Fund,https://sarmaaya.pk/mutual-funds/fund/0225e443-ab96-4636-8ff9-9d1fa04fdbd5,6.42%,0.38%,49.19%
Alfalah GHP Value Fund,https://sarmaaya.pk/mutual-funds/fund/8db694bb-6647-434d-9a98-38f73d510f96,4.86%,2.24%,48.67%
Alfalah GHP Islamic Stock Fund,https://sarmaaya.pk/mutual-funds/fund/d16c512e-cdb3-414f-a600-9edf18a6ec73,6.69%,3.11%,48.46%
UBL Asset Allocation Fund,https://sarmaaya.pk/mutual-funds/fund/117df805-ad76-4bb2-a472-d504aca8950e,5.10%,2.92%,48.41%
Alhamra Islamic Pension Fund,https://sarmaaya.pk/mutual-funds/fund/a7eef86d-4bc4-4218-8074-11e007147e73,-3.62%,-2.04%,48.06%
Alfalah GHP Islamic Prosperity Planning Fund (Alfalah GHP Islamic Active Allocation Plan II),https://sarmaaya.pk/mutual-funds/fund/acdfed9c-9568-4175-9dcf-8f48ca6fe3fd,1.71%,1.08%,47.79%
NBP Balanced Fund,https://sarmaaya.pk/mutual-funds/fund/dfcb6593-3035-4c7a-bc17-af20a609624e,3.87%,0.96%,47.64%
Faysal Islamic Stock Fund,https://sarmaaya.pk/mutual-funds/fund/f7e8db0e-65de-4846-a81f-c757f6ed448d,6.95%,1.27%,47.55%
ABL Islamic Dedicated Stock Fund,https://sarmaaya.pk/mutual-funds/fund/ba051fe4-9c5a-49fc-bfd8-c9718f79146b,6.93%,1.20%,47.17%
Alhamra Islamic Stock Fund,https://sarmaaya.pk/mutual-funds/fund/ef8a53b3-5ec7-45f7-af70-7f2eead6136d,-3.60%,-2.29%,46.96%
NBP Islamic Sarmaya Izafa Fund,https://sarmaaya.pk/mutual-funds/fund/2dfc19d8-e323-4626-bf94-7241edaf533e,5.85%,1.69%,46.82%
MCB Pakistan Asset Allocation Fund,https://sarmaaya.pk/mutual-funds/fund/168715a7-5edd-47cc-977a-8fcef5fe49fc,-2.73%,-1.47%,46.58%
Meezan Financial Planning Fund of Funds (Aggressive),https://sarmaaya.pk/mutual-funds/fund/9b8ed6b7-6c3f-4a08-ac96-d67a6433e593,4.97%,2.30%,45.95%
Alhamra Islamic Asset Allocation Fund,https://sarmaaya.pk/mutual-funds/fund/8a163c45-87d7-4a57-9e09-209451d30c29,-3.07%,-1.29%,45.54%
Meezan Financial Planning Fund of Funds (MAAP I),https://sarmaaya.pk/mutual-funds/fund/28d5daa6-1b6f-4405-aa34-cdbe40e7d1c3,4.55%,2.73%,44.96%
Meezan Gold Fund,https://sarmaaya.pk/mutual-funds/fund/7e59207d-798c-43ab-bc76-4a44d2f90a64,515.79%,-1.55%,44.56%
Golden Arrow Stock Fund,https://sarmaaya.pk/mutual-funds/fund/28719b3e-5dd0-41b3-82b6-cea280e9cd2d,6.59%,3.47%,44.50%
Pak Qatar Islamic Pension Fund,https://sarmaaya.pk/mutual-funds/fund/4a965087-f880-47a4-8534-9d7a85b60b43,6.35%,4.92%,44.30%
NIT Pension Fund,https://sarmaaya.pk/mutual-funds/fund/11d9226c-8bbd-4747-bdbd-f8eda94f4806,0.03%,0.47%,43.99%
Meezan Tahaffuz Pension Fund,https://sarmaaya.pk/mutual-funds/fund/0bc90775-03d4-4e19-8032-37d840c121d3,-0.01%,-1.60%,43.31%
HBL Islamic Equity Fund,https://sarmaaya.pk/mutual-funds/fund/03d673b6-8bf9-4ce1-b59b-2baa8e053bb0,7.73%,1.20%,42.81%
First Capital Mutual Fund,https://sarmaaya.pk/mutual-funds/fund/cc1cae7e-38b1-48f3-bbf4-9c2ec6454d46,5.75%,1.38%,42.70%
Unit Trust of Pakistan,https://sarmaaya.pk/mutual-funds/fund/1c57b1da-0714-46bf-9b35-e313ea38e6c6,4.59%,1.79%,42.44%
Atlas Islamic Fund of Funds (Atlas Aggressive Allocation Islamic Plan),https://sarmaaya.pk/mutual-funds/fund/82de6b8c-a8da-404b-90da-3ca967338add,6.04%,-0.14%,42.25%
Meezan Strategic Allocation Fund (MSAP I),https://sarmaaya.pk/mutual-funds/fund/027edfe4-d427-44aa-bcf9-d99cc9f19da1,-2.56%,-1.73%,41.87%
MCB Pakistan Opportunity Fund (MCB Pakistan Dividend Yield Plan),https://sarmaaya.pk/mutual-funds/fund/21779d41-ac2c-44ff-9091-6dfc55cd2256,-2.01%,-1.34%,41.78%
KSE Meezan Index Fund,https://sarmaaya.pk/mutual-funds/fund/a0aac2a4-0ec4-4718-b2e5-4580f5cd8ddd,7.02%,1.22%,41.51%
Meezan Strategic Allocation Fund (MSAP II),https://sarmaaya.pk/mutual-funds/fund/8ea37a2c-a0b3-4a6a-942b-e51f8b3cc746,-2.65%,-1.95%,40.97%
UBL Financial Sector Fund,https://sarmaaya.pk/mutual-funds/fund/64b01bf7-f038-4b58-a2f8-deff3e03091a,3.70%,5.98%,40.66%
NIT Pension Fund,https://sarmaaya.pk/mutual-funds/fund/8d1c942e-a58f-4548-a566-2db2bced2ae7,-2.95%,-2.09%,39.67%
Alfalah Pension Fund - II (Formerly: Faysal Pension Fund),https://sarmaaya.pk/mutual-funds/fund/edde3f8c-0be6-4277-a8e6-c20d59e8beb9,0%,-0.13%,39.61%
AKD Islamic Stock Fund,https://sarmaaya.pk/mutual-funds/fund/a7e8354e-a510-41f7-94b3-742e80c74431,6.70%,-0.01%,39.19%
Meezan Strategic Allocation Fund (MSAP III),https://sarmaaya.pk/mutual-funds/fund/99d6ce35-70b5-41cd-93ed-7e397f7adba7,-2.55%,-1.72%,39.15%
HBL Multi Asset Fund,https://sarmaaya.pk/mutual-funds/fund/8d8ad54d-ac21-4028-93c9-f145d5f84cb7,5.16%,0.59%,39.05%
ABL Islamic Financial Planning Fund (Active Allocation Plan),https://sarmaaya.pk/mutual-funds/fund/0dac6a27-ca7d-40af-8522-a6b1adb6732e,5.49%,1.04%,38.97%
AKD Opportunity Fund,https://sarmaaya.pk/mutual-funds/fund/bccb2a8b-df32-4fe7-af35-53dbe77f0aee,5.36%,1.89%,38.81%
AKD Index Tracker Fund,https://sarmaaya.pk/mutual-funds/fund/3e357642-41f4-47f9-8ec2-8af48c889e77,8.84%,2.48%,38.41%
Meezan Strategic Allocation Fund (MSAP IV),https://sarmaaya.pk/mutual-funds/fund/beb27a2f-680e-4425-9e5d-da98497b0643,-2.54%,-1.68%,37.65%
NIT Islamic Pension Fund,https://sarmaaya.pk/mutual-funds/fund/f42c565f-f70e-4d8b-bb62-857fdd5b4d96,-3.90%,-3.92%,37.10%
Lakson Tactical Fund,https://sarmaaya.pk/mutual-funds/fund/1cf041a5-a809-485f-aad0-abb3a64eeefc,0.02%,1.10%,36.42%
Pakistan Capital Market Fund,https://sarmaaya.pk/mutual-funds/fund/51e1f8f0-79d8-4ab6-bf29-cf4d55947cba,-2.13%,-0.81%,36.16%
Meezan Strategic Allocation Fund (MSAP V),https://sarmaaya.pk/mutual-funds/fund/c214b9a5-9edd-45b2-bea6-37ed8204aeba,-2.62%,-1.78%,36.08%
Meezan Balanced Fund,https://sarmaaya.pk/mutual-funds/fund/f6bcc825-99fe-47f8-a09c-805f9e46697c,3.75%,2.14%,35.89%
Pak Oman Advantage Asset Allocation Fund,https://sarmaaya.pk/mutual-funds/fund/76e97248-0b10-4b5f-8dee-c446f60d6b06,1.54%,-1.06%,35.55%
Meezan Financial Planning Fund of Funds (Moderate),https://sarmaaya.pk/mutual-funds/fund/6c480a77-4e77-486b-8ae4-a1381d65b474,3.23%,1.88%,35.17%
Alfalah GHP Prosperity Planning Fund (Alfalah GHP Moderate Allocation Plan),https://sarmaaya.pk/mutual-funds/fund/53c69b9c-6f0c-4746-9c34-d62a636567be,2.05%,1.19%,34.96%
UBL Growth & Income Fund,https://sarmaaya.pk/mutual-funds/fund/2a24c0b0-38b8-4c69-b465-14cfba6cf5de,23.14%,12.73%,34.38%
Al Ameen Islamic Asset Allocation Fund,https://sarmaaya.pk/mutual-funds/fund/895e9d50-f58c-4f20-9cfc-09d3bee3c6bb,2.91%,2.02%,32.79%
Atlas Islamic Fund of Funds (Atlas Moderate Allocation Islamic Plan),https://sarmaaya.pk/mutual-funds/fund/8e08979e-5365-41b9-ac93-0035c01e73d6,5.08%,-2.34%,32.78%
Pak Oman Islamic Asset Allocation Fund,https://sarmaaya.pk/mutual-funds/fund/2091f546-3549-486e-a905-6d9fa2bc546c,1.46%,-0.47%,32.63%
HBL Investment Fund-Class B,https://sarmaaya.pk/mutual-funds/fund/de03e481-cba5-4879-91d3-0013c2307737,7.89%,1.48%,32.50%
HBL Growth Fund-Class B,https://sarmaaya.pk/mutual-funds/fund/639ced48-a234-4e3c-8c8c-7c0897ff5ed0,-0.48%,-0.04%,32.43%
NIT Islamic Equity Fund,https://sarmaaya.pk/mutual-funds/fund/e62c5e81-5870-4367-a61d-f9f5a6c9f4ae,-4.24%,-4.77%,31.03%
NIT Asset Allocation Fund,https://sarmaaya.pk/mutual-funds/fund/9482a57e-1f9e-4bc5-adb6-6c1f4de6ac52,-2.07%,-1.27%,30.59%
JS Fund of Funds,https://sarmaaya.pk/mutual-funds/fund/506b4a90-f447-4417-8b57-e17232410f1c,0.04%,0.93%,30.23%
HBL Stock Fund,https://sarmaaya.pk/mutual-funds/fund/a014efb0-58d8-40ff-a3bc-ed6181accd02,7.69%,1.55%,29.81%
Meezan Pakistan ETF,https://sarmaaya.pk/mutual-funds/fund/8043a7d9-4671-4fa5-b520-b9da520f1b45,7.62%,0.13%,29.73%
Alfalah GHP Prosperity Planning Fund (Capital Preservation Plan IV),https://sarmaaya.pk/mutual-funds/fund/41c92870-9bbe-437e-af7b-e94b570e680e,2.84%,1.46%,29.27%
Alfalah GHP Prosperity Planning Fund (Alfalah GHP Conservative Allocation Plan),https://sarmaaya.pk/mutual-funds/fund/6fff0000-5530-46ce-84fa-a98f6422d047,1.23%,1.06%,29.21%
Alhamra Opportunity Fund (Dividend Strategy Plan),https://sarmaaya.pk/mutual-funds/fund/11863939-846c-484e-a6fd-b58f74d51456,-2.23%,-0.78%,27.97%
Al Ameen Islamic Aggressive Income Fund,https://sarmaaya.pk/mutual-funds/fund/87df4bbc-74cf-4a82-9a4e-f8f90e8f6107,8.83%,10.90%,25.53%
JS Fixed Term Munafa Fund (JS Fixed Term Munafa Plan I),https://sarmaaya.pk/mutual-funds/fund/8542517f-d57c-4b31-96ad-0ee4a3a790f5,127.20%,16.45%,24.27%
Alfalah GHP Islamic Prosperity Planning Fund (Alfalah GHP Islamic Moderate Allocation Plan),https://sarmaaya.pk/mutual-funds/fund/45c3bb33-fa72-4672-a790-3aae10379e2e,2.86%,-2.91%,24.04%
Pak Qatar Islamic Stock Fund,https://sarmaaya.pk/mutual-funds/fund/7aef1d76-2c69-460d-a909-b01479ae2664,7.38%,3.30%,23.70%
ABL Financial Planning Fund (Conservative Plan),https://sarmaaya.pk/mutual-funds/fund/651fb0d5-d4c0-4022-a4bc-0d4ab13e113a,1.11%,1.44%,23.32%
Meezan Financial Planning Fund of Funds (Conservative),https://sarmaaya.pk/mutual-funds/fund/f38648ed-8c0b-4544-847a-c495c4ed2b8d,1.63%,1.33%,23.15%
ABL Islamic Financial Planning Fund (Capital Preservation Plan I),https://sarmaaya.pk/mutual-funds/fund/b5b56f84-fff8-40f5-ad3a-27274fd3bd77,2.15%,0.96%,22.91%
Alhamra Smart Portfolio,https://sarmaaya.pk/mutual-funds/fund/9d0e69c7-17d5-48b2-87cf-3a8cc72dea68,-0.86%,0.25%,21.80%
Lakson Islamic Tactical Fund,https://sarmaaya.pk/mutual-funds/fund/51a8ddb3-15e8-45f5-86ef-ce87731399e7,0.02%,0.81%,21.53%
Alfalah Savings Growth Fund (Formerly: Faysal Savings Growth Fund),https://sarmaaya.pk/mutual-funds/fund/270d0eab-ce62-4eb6-b778-82000cc4d84f,58.07%,11.81%,21%
ABL Special Saving Fund (ABL Special Saving Plan VI),https://sarmaaya.pk/mutual-funds/fund/b4c9837c-fa61-4263-9c22-58befbf4a233,0.04%,1.15%,19.87%
Faysal Islamic Asset Allocation Fund,https://sarmaaya.pk/mutual-funds/fund/09886497-f946-44a8-8164-07e33fcca11f,0.07%,1.43%,19.85%
Alfalah Stable Return Plan IV,https://sarmaaya.pk/mutual-funds/fund/0748a31c-c0a4-44da-a276-07cd0188e7d4,11.10%,9.81%,19.51%
Alhamra Islamic Pension Fund,https://sarmaaya.pk/mutual-funds/fund/778b0ab0-b996-4c5c-8fda-d8f1d97841a9,10.15%,13.86%,19.51%
Pakistan Pension Fund,https://sarmaaya.pk/mutual-funds/fund/4fe1d97b-fe56-4906-8e2f-3b88b7d9b304,-5.51%,10.08%,19.49%
HBL Pension Fund,https://sarmaaya.pk/mutual-funds/fund/99d1bc52-3d50-4d37-9b4e-e882744cd003,61.39%,12.40%,19.22%
Alfalah GHP Pension Fund,https://sarmaaya.pk/mutual-funds/fund/b9cdaf90-89ab-4192-9ecf-c1243b9c8014,115.60%,19.06%,19.20%
UBL Government Securities Fund,https://sarmaaya.pk/mutual-funds/fund/cfe26d4d-ccca-40cf-a233-4a4a5a5f494e,72.27%,12.72%,19.11%
Pak Qatar Asset Allocation Plan I (PQAAP IA),https://sarmaaya.pk/mutual-funds/fund/fe9c0ed3-431c-4dda-b339-f46a41c3fa9e,0.04%,1.26%,18.79%
MCB Pakistan Sovereign Fund,https://sarmaaya.pk/mutual-funds/fund/699491a5-f0a1-4ff0-b999-2ee7b256af56,547.10%,15.04%,18.75%
Atlas Islamic Fund of Funds (Atlas Conservative Allocation Islamic Plan),https://sarmaaya.pk/mutual-funds/fund/c4449f87-5bd1-48d6-a990-9563059bcadc,3.07%,-5.77%,18.58%
Atlas Sovereign Fund,https://sarmaaya.pk/mutual-funds/fund/3bd612ea-59a2-469f-81cd-a2e6d2fafc4f,43.29%,10.10%,18.48%
Lakson Income Fund,https://sarmaaya.pk/mutual-funds/fund/adce89fe-b1cc-402a-8c33-7ae4a6cb1762,39.46%,10.57%,18.14%
AKD Islamic Daily Dividend Fund,https://sarmaaya.pk/mutual-funds/fund/9747efd9-f18e-435e-985e-7bd1e98a9de1,0%,8.06%,18.09%
NBP Income Opportunity Fund,https://sarmaaya.pk/mutual-funds/fund/420ab986-707a-427b-9665-75e42150c3ed,11.72%,9.66%,18.07%
Alfalah Financial Value Fund (Alfalah Financial Value Plan I),https://sarmaaya.pk/mutual-funds/fund/a534f40e-33d1-49f0-b9ae-0c7da70c2e9b,0.06%,1.13%,17.90%
Atlas Pension Fund,https://sarmaaya.pk/mutual-funds/fund/011a163d-44ad-40d3-9a5d-0eebe3e8b76d,31.65%,10.96%,17.84%
UBL Retirement Saving Fund,https://sarmaaya.pk/mutual-funds/fund/203b9461-0f90-402c-95ab-399df1e8a7c9,50.30%,10.70%,17.80%
Pakistan Income Enhancement Fund,https://sarmaaya.pk/mutual-funds/fund/65b1a8d7-249b-408b-b002-45b8a2567c15,7.34%,10.62%,17.71%
Alfalah GHP Islamic Pension Fund,https://sarmaaya.pk/mutual-funds/fund/928c9be6-a01f-45a8-bda3-0451a8562752,-3.32%,17.16%,17.65%
Alhamra Islamic Pension Fund,https://sarmaaya.pk/mutual-funds/fund/8ce6a63e-fec8-450c-ba91-e38608468525,5.58%,9.94%,17.57%
ABL Special Saving Fund (ABL Special Saving Plan IV),https://sarmaaya.pk/mutual-funds/fund/1a6bb393-432c-4a7b-affe-fe1e07c3470d,0.06%,0.90%,17.43%
NBP Government Securities Plan IV,https://sarmaaya.pk/mutual-funds/fund/91dd949b-426f-408f-9d6f-980e547b5985,58.55%,11.10%,17.42%
ABL Special Saving Fund (ABL Special Saving Plan V),https://sarmaaya.pk/mutual-funds/fund/16d6e240-4aea-492d-b65a-fa806629bf3b,0.09%,0.91%,17.39%
HBL Total Treasury Exchange Traded Fund,https://sarmaaya.pk/mutual-funds/fund/e063f8e0-e0a9-474f-a482-96864a70c69e,21.39%,10.29%,17.38%
ABL Government Securities Fund,https://sarmaaya.pk/mutual-funds/fund/fcf3e8d3-c525-48dd-9230-911a217fd74e,21.24%,10.23%,17.36%
Pakistan Income Fund,https://sarmaaya.pk/mutual-funds/fund/957bdbd9-c9f9-4084-a95f-ef66a0a2c4ea,5.62%,9.16%,17.34%
ABL Special Saving Fund (ABL Special Saving Plan III),https://sarmaaya.pk/mutual-funds/fund/35babae6-19fd-48dd-9a98-5215dd4f7b67,0.07%,0.90%,17.27%
Alfalah GHP Sovereign Fund,https://sarmaaya.pk/mutual-funds/fund/5238ae7a-9bd4-423f-b94a-9ecc58a0f99a,79.61%,13.72%,17.23%
Alfalah Government Securities Fund - II (Formerly: Faysal Government Securities Fund),https://sarmaaya.pk/mutual-funds/fund/9d535928-2ed0-41d5-be5e-3ac1c188ddd0,84.79%,13.59%,17.13%
AL Habib Pension Fund,https://sarmaaya.pk/mutual-funds/fund/60bc6804-cf94-4964-ac41-4a9c9101d483,22.78%,9.18%,17.11%
NIT Pension Fund,https://sarmaaya.pk/mutual-funds/fund/d9baef9a-727d-4800-863d-8b7d4d61ff76,4.16%,9.48%,17.02%
HBL Islamic Pension Fund,https://sarmaaya.pk/mutual-funds/fund/f63f48e6-901c-4d93-994c-46042a6260ba,10%,15.17%,17.01%
Pak Qatar Islamic Pension Fund,https://sarmaaya.pk/mutual-funds/fund/42500eab-1f6d-4ca3-a8f7-bacd7de03d4c,3.98%,25.23%,16.97%
NBP Government Securities Savings Fund,https://sarmaaya.pk/mutual-funds/fund/00f0b555-be01-4880-9606-a04820d3bfcb,22.12%,10.26%,16.96%
Pak Qatar Income Plan,https://sarmaaya.pk/mutual-funds/fund/aae36913-8709-4966-8365-fedce8185874,7.26%,15.54%,16.81%
ABL Special Saving Fund (ABL Special Saving Plan I),https://sarmaaya.pk/mutual-funds/fund/3233f83b-1098-48b8-8982-50455a6096b8,0.05%,0.86%,16.80%
NAFA Pension Fund,https://sarmaaya.pk/mutual-funds/fund/2c9d1028-93c8-440f-b39e-218cd06e95d2,56.57%,14.05%,16.79%
NIT - Government Bond Fund,https://sarmaaya.pk/mutual-funds/fund/8d9c9067-03bc-4b75-9836-3051d8e7b558,7.63%,10.47%,16.76%
ABL Pension Fund,https://sarmaaya.pk/mutual-funds/fund/74cb36fb-0746-4449-a95b-973892f0b821,23.10%,9.86%,16.74%
Atlas Income Fund,https://sarmaaya.pk/mutual-funds/fund/02c25fd6-1b4a-43e1-be7b-f9b08ab0ac72,18.36%,10.05%,16.65%
AWT Income Fund,https://sarmaaya.pk/mutual-funds/fund/6e40a700-b7eb-47e5-989b-9b8e8da11cf1,9.96%,9.78%,16.63%
Al Ameen Islamic Income Fund,https://sarmaaya.pk/mutual-funds/fund/e21f650e-d7e3-4a16-969a-3c401e105b29,-5.47%,11.55%,16.57%
Pak Qatar Asset Allocation Plan II (PQAAP IIA),https://sarmaaya.pk/mutual-funds/fund/45983258-8abf-42bc-bb2d-20589fca879b,0.03%,1.51%,16.56%
JS Islamic Pension Savings Fund,https://sarmaaya.pk/mutual-funds/fund/543c2e2a-cf52-40c6-b2eb-0339680ff978,8.80%,8.95%,16.56%
MCB DCF Income Fund,https://sarmaaya.pk/mutual-funds/fund/1b9ecadd-57dd-4e03-a80d-ae21caba9ac2,75.56%,11.40%,16.54%
JS Pension Savings Fund,https://sarmaaya.pk/mutual-funds/fund/5dfde6cd-b665-4f90-ab26-13b204eb4551,48.44%,11.81%,16.39%
UBL Special Savings Plan V,https://sarmaaya.pk/mutual-funds/fund/56146f87-09c9-4896-b49c-41dacc2adcd7,11.57%,9.05%,16.36%
Alfalah GHP Income Fund,https://sarmaaya.pk/mutual-funds/fund/cdc730e7-6272-416a-9bbd-ac299dfd53c3,13.07%,11.82%,16.28%
ABL Special Saving Fund (ABL Special Saving Plan II),https://sarmaaya.pk/mutual-funds/fund/fa1931ea-7906-4a88-9855-398e599ad23f,0.04%,0.82%,16.11%
Faysal Islamic Pension Fund,https://sarmaaya.pk/mutual-funds/fund/411e3ff9-b5cc-49d4-88b1-74d49ec39efb,2.45%,12.70%,16.06%
Alfalah GHP Islamic Value Fund,https://sarmaaya.pk/mutual-funds/fund/1e7ca84c-1c44-4f39-a911-edc8a9b990d5,0%,0.91%,16.03%
JS KPK Pension Fund,https://sarmaaya.pk/mutual-funds/fund/faaf9d0f-5053-48c8-9591-887fadf0bde9,16.75%,10.97%,16%
Atlas Pension Fund,https://sarmaaya.pk/mutual-funds/fund/2c7b4c74-43f5-4858-a9d8-601aef3393a9,12.45%,10.38%,15.96%
UBL Fixed Return Plan III (G),https://sarmaaya.pk/mutual-funds/fund/4a5ee67f-f9b2-443d-81ec-72573712252b,13.36%,10.58%,15.96%
JS Government Securities Fund,https://sarmaaya.pk/mutual-funds/fund/8573f0e4-607f-4393-854a-8a4382a76318,39.86%,11.74%,15.94%
Meezan GOKP Pension Fund,https://sarmaaya.pk/mutual-funds/fund/9ed85430-ff8f-4b65-8ebc-63e10a6be33c,8.36%,9.71%,15.94%
Faysal Islamic Mustakil Munafa Fund (Faysal Islamic Mehdood Muddat Plan I),https://sarmaaya.pk/mutual-funds/fund/fac8b8e2-72a1-415a-874c-c302a940d5b1,11.17%,9.49%,15.94%
HBL Financial Sector Income Fund Plan II,https://sarmaaya.pk/mutual-funds/fund/9c8531e4-c339-4ee4-85ff-4480cd8c4539,10.55%,11.39%,15.90%
Pak Qatar Monthly Income Plan,https://sarmaaya.pk/mutual-funds/fund/d425d0d0-eb73-45bb-b2cc-fc4e15aedc07,6.24%,11.61%,15.75%
ABL Islamic Income Fund,https://sarmaaya.pk/mutual-funds/fund/9464798d-3ec5-4ff2-a61b-6af5c2511b0e,7.41%,12.23%,15.73%
ABL GOKP Pension Fund,https://sarmaaya.pk/mutual-funds/fund/8e4b7cec-5d0e-4f3a-bc49-4e3147f70d6f,13.21%,10.81%,15.73%
Pak Qatar Islamic Pension Fund,https://sarmaaya.pk/mutual-funds/fund/2dc97a3e-acce-4769-940f-33c5bfede555,4.74%,11.16%,15.73%
AL Habib Government Securities Fund,https://sarmaaya.pk/mutual-funds/fund/919028b1-f93b-42f3-bdce-7250877a0ac6,16.35%,11.44%,15.71%
HBL Income Fund,https://sarmaaya.pk/mutual-funds/fund/c1d1384a-7efb-46b2-95cb-3000c8ad4d93,29.78%,12.78%,15.63%
Faysal Islamic Pension Fund,https://sarmaaya.pk/mutual-funds/fund/2c38c846-b2a6-4a64-8e5c-733567a177a2,-15.73%,13.54%,15.60%
Meezan Tahaffuz Pension Fund,https://sarmaaya.pk/mutual-funds/fund/dba0fd3a-83d2-456b-911f-2313033dd7e4,5.15%,11.06%,15.56%
Alhamra Islamic Income Fund,https://sarmaaya.pk/mutual-funds/fund/a5e75010-e84a-4f85-aa44-04236d00e94e,7.70%,13.97%,15.55%
Alfalah Pension Fund - II (Formerly: Faysal Pension Fund),https://sarmaaya.pk/mutual-funds/fund/2dec11ee-ab83-4627-a515-ba21f611e964,5.88%,13.59%,15.54%
AL Habib Income Fund,https://sarmaaya.pk/mutual-funds/fund/66c1689b-8475-440d-9569-d2199210cefc,17.34%,9.02%,15.53%
Faysal Islamic Savings Growth Fund,https://sarmaaya.pk/mutual-funds/fund/9bd6552f-e713-450c-9251-1f78fd4d7231,-0.26%,10.81%,15.53%
NIT Money Market Fund,https://sarmaaya.pk/mutual-funds/fund/f33db54f-7d15-4f54-aa0a-e4090ed63570,12.74%,9.91%,15.48%
JS Microfinance Sector Fund,https://sarmaaya.pk/mutual-funds/fund/6b965130-d6fc-4d06-9836-829f9f2ee9c4,10.51%,10.51%,15.44%
NBP GoKP Pension Fund,https://sarmaaya.pk/mutual-funds/fund/79f2ebd5-428e-4574-af74-2ac2ad5669fa,13.10%,10.58%,15.40%
AWT Islamic Income Fund,https://sarmaaya.pk/mutual-funds/fund/3d165c55-73c0-48c5-a778-f00d80f9855b,10.18%,10.97%,15.40%
UBL Voluntary Pension Fund KPK,https://sarmaaya.pk/mutual-funds/fund/c8326e68-a90e-4f34-8808-177a758909ce,12.74%,10.19%,15.35%
Atlas Pension Islamic Fund,https://sarmaaya.pk/mutual-funds/fund/374108a8-10dd-4a3e-8c6c-be3044d715af,1.64%,11.56%,15.30%
Al Ameen Islamic Sovereign Fund,https://sarmaaya.pk/mutual-funds/fund/5bc622bf-df87-413c-be05-aa52ae4905b0,4.64%,15.76%,15.30%
MCB KPK Govt Employees Pension Fund,https://sarmaaya.pk/mutual-funds/fund/73c51bd4-69f2-4959-b0a0-1a4e30beb6a5,10.55%,10.09%,15.29%
Lakson Money Market Fund,https://sarmaaya.pk/mutual-funds/fund/30ccafb1-e070-484b-9dc9-4c355ce67507,15.26%,10.22%,15.26%
Atlas Liquid Fund,https://sarmaaya.pk/mutual-funds/fund/8e2cfcb1-fe71-43f7-b79c-f3d0739f047c,9.71%,9.76%,15.24%
NBP GoKP Islamic Pension Fund,https://sarmaaya.pk/mutual-funds/fund/c9918e98-68a9-4a93-b997-9d2b001a528d,9.12%,10.96%,15.23%
Atlas Money Market Fund,https://sarmaaya.pk/mutual-funds/fund/897139ff-69a5-4c4c-9b0c-f0c3a31f7a54,12.48%,9.91%,15.20%
NBP Islamic Government Securities Plan III,https://sarmaaya.pk/mutual-funds/fund/1e2c5692-014a-477c-8d2f-dbb1234fd319,10.55%,12.47%,15.19%
JS Money Market Fund,https://sarmaaya.pk/mutual-funds/fund/a6c292ea-1911-4404-b779-d75ecbd7d29b,14.89%,9.29%,15.17%
Alfalah Cash Fund - II (Formerly: Faysal Cash Fund),https://sarmaaya.pk/mutual-funds/fund/c49545fa-d030-45df-99eb-23df3a78fdce,29.09%,11.54%,15.16%
HBL Islamic Asset Allocation Fund Plan II,https://sarmaaya.pk/mutual-funds/fund/6cfb00c0-48af-42fc-a166-fe60af16e399,0.08%,1.84%,15.15%
MCB Cash Management Optimizer,https://sarmaaya.pk/mutual-funds/fund/4fd349ab-58af-4e76-a9aa-389f308b7a8b,34.24%,9.99%,15.15%
NBP Financial Sector Income Fund,https://sarmaaya.pk/mutual-funds/fund/4d5c9e51-b896-4294-997d-b6a4956019ba,29.46%,10.91%,15.13%
Pakistan Pension Fund,https://sarmaaya.pk/mutual-funds/fund/f52dacfe-68b0-4b4e-94b2-ae67b49d0190,10.04%,9.18%,15.12%
HBL Financial Sector Income Fund Plan I,https://sarmaaya.pk/mutual-funds/fund/d863a5f7-104f-4017-be27-230190da312e,15.88%,9.76%,15.11%
UBL Fixed Return Plan II (M),https://sarmaaya.pk/mutual-funds/fund/68607c36-1fd4-4041-bb1f-229420a67d11,11.90%,9.10%,15.11%
NBP Cash Plan II,https://sarmaaya.pk/mutual-funds/fund/969ef47c-bf41-48fd-a422-d2b92429def2,15.70%,9.67%,15.08%
ABL Financial Sector Fund Plan I,https://sarmaaya.pk/mutual-funds/fund/5dc02e11-3a81-460b-96db-757b79b82a2a,13.69%,10%,15.08%
NBP Savings Fund,https://sarmaaya.pk/mutual-funds/fund/85aa1d49-eea2-4d04-a02d-1d73688df964,13.65%,10.53%,15.07%
JS KPK Islamic Pension Fund,https://sarmaaya.pk/mutual-funds/fund/4e87dc0d-62b9-43b8-bf1f-135cdc3f729a,9.85%,9.79%,15.06%
Atlas Islamic Income Fund,https://sarmaaya.pk/mutual-funds/fund/40f191e5-da94-46db-8a4e-bb9165fc86a3,53.55%,14.03%,15.06%
NBP Income Plan I,https://sarmaaya.pk/mutual-funds/fund/5e16ef3b-9a73-4665-b9b1-7e6b57bca98f,28.32%,10.74%,15.05%
Alfalah GHP Income Multiplier Fund,https://sarmaaya.pk/mutual-funds/fund/a2182d2d-60b7-4e10-81c6-9a718ae259e0,15.04%,11.55%,15.03%
HBL Pension Fund,https://sarmaaya.pk/mutual-funds/fund/13b52116-1e5c-438e-8862-c91cb661f102,17.41%,9.99%,15.03%
AL Habib GOKP Pension Fund,https://sarmaaya.pk/mutual-funds/fund/1e104377-eba8-4f78-9e00-dc4bbfeba99e,15%,8.69%,15.03%
Al Ameen Islamic Retirement Savings Fund,https://sarmaaya.pk/mutual-funds/fund/e6fe594f-a9d4-41f0-bf5d-6f5bb9fe5962,6.68%,8.64%,15.03%
NIT KP Pension Fund,https://sarmaaya.pk/mutual-funds/fund/ce5f7c5f-65b0-4473-9662-6efb8666ea78,16.02%,9.61%,15.03%
NBP Money Market Fund,https://sarmaaya.pk/mutual-funds/fund/53385475-2a33-4506-9045-9252540cfc23,16.06%,9.68%,15.02%
HBL Cash Fund,https://sarmaaya.pk/mutual-funds/fund/be5f623b-10d0-4dc5-bfb3-5a6914dd6688,17.70%,10.96%,15.02%
AL Habib Pension Fund,https://sarmaaya.pk/mutual-funds/fund/133edc1b-028d-45b9-a2ec-027e1ceb0002,13.69%,9.38%,15%
NIT Pension Fund,https://sarmaaya.pk/mutual-funds/fund/2abc3ced-6551-48f5-8c29-c9c180e6f0ad,12.74%,9.60%,15%
NIT - Income Fund,https://sarmaaya.pk/mutual-funds/fund/ee61e6fa-c3ce-494e-ac4b-76e2cb4198a8,8.54%,9.83%,14.99%
NBP Government Securities Liquid Fund,https://sarmaaya.pk/mutual-funds/fund/18e6e9d9-8715-4a6d-99ca-85adada381ad,12.37%,9.43%,14.98%
Meezan Tahaffuz Pension Fund,https://sarmaaya.pk/mutual-funds/fund/a4cd7e0a-df7a-4ba7-b618-a7c88235178f,7.85%,11.61%,14.97%
ABL Cash Fund,https://sarmaaya.pk/mutual-funds/fund/9557dd30-5dfa-4b79-9bc5-f1635f1232f6,13.07%,9.83%,14.96%
Alfalah GHP Money Market Fund,https://sarmaaya.pk/mutual-funds/fund/11920db7-1363-4bd6-bf25-d71f583be266,11.57%,9.93%,14.96%
JS Pension Savings Fund,https://sarmaaya.pk/mutual-funds/fund/df38dc40-9fde-40bb-bca6-51cbeb6a6d70,13.18%,10%,14.95%
NAFA Pension Fund,https://sarmaaya.pk/mutual-funds/fund/1452e31f-65a9-43fb-aab3-0b8bb3e1494e,12.81%,10.62%,14.93%
Alfalah GHP Pension Fund,https://sarmaaya.pk/mutual-funds/fund/b17bbc64-ff09-4937-8221-31851eb502a6,12.92%,9.39%,14.92%
JS Cash Fund,https://sarmaaya.pk/mutual-funds/fund/7d3de88a-98f8-4964-9b8e-e6e339232f34,15.15%,9.70%,14.91%
ABL Income Fund,https://sarmaaya.pk/mutual-funds/fund/e0d1bf23-1a04-458d-ad31-60abf94434c4,10.48%,11.36%,14.86%
UBL Money Market Fund,https://sarmaaya.pk/mutual-funds/fund/625a9cf0-94b5-46b7-b7fb-ab60b774cf17,25.11%,10.02%,14.85%
UBL Liquidity Plus Fund,https://sarmaaya.pk/mutual-funds/fund/7bd22a9e-997b-42ed-adea-908446ed295e,11.97%,9.69%,14.85%
NBP Cash Plan I,https://sarmaaya.pk/mutual-funds/fund/b65d9d0a-d297-4547-be44-6f5ed2c26b81,12.67%,9.04%,14.85%
786 Smart Fund,https://sarmaaya.pk/mutual-funds/fund/1aa0884f-6999-4977-a739-6a7830a8e5be,12.05%,9.29%,14.82%
NIT Social Impact Fund,https://sarmaaya.pk/mutual-funds/fund/f9becf5a-c9a9-41f0-9b6a-d9c774b6e584,9.96%,10.11%,14.82%
ABL Money Market Plan I,https://sarmaaya.pk/mutual-funds/fund/b05df539-9fff-4857-9d11-6acf6e75d754,2.23%,8.99%,14.81%
Pakistan Cash Management Fund,https://sarmaaya.pk/mutual-funds/fund/74558215-fadd-43b0-90f1-19e88458608b,9.71%,8.80%,14.79%
NBP Mahana Amdani Fund,https://sarmaaya.pk/mutual-funds/fund/b151f109-cd94-49ff-92b4-a663a8b504a4,9.64%,9.63%,14.77%
UBL Cash Fund,https://sarmaaya.pk/mutual-funds/fund/69c22d52-84cc-4b94-85e5-29fe08abadfe,8.80%,9.80%,14.74%
AL Habib Cash Fund,https://sarmaaya.pk/mutual-funds/fund/2c6a2944-2209-4172-9204-4c61b3bfd4d3,11.72%,10.46%,14.73%
NBP Fixed Term Munafa Plan VIII,https://sarmaaya.pk/mutual-funds/fund/62cda634-6e8f-4331-a73e-d79a158a2db8,2.56%,10.66%,14.71%
Askari Sovereign Yield Enhancer,https://sarmaaya.pk/mutual-funds/fund/9abfcd93-1b2f-4346-a34c-b51887bf6717,17.74%,9.11%,14.68%
JS Income Fund,https://sarmaaya.pk/mutual-funds/fund/4265d259-2bc5-4d5f-bc49-f13969c32ced,45.48%,10.99%,14.67%
Alhamra Government Securities Plan I,https://sarmaaya.pk/mutual-funds/fund/0a3a5701-d6b7-411a-9445-20c7204efbe8,8.21%,11.57%,14.61%
Alfalah Special Savings Fund - I (Formerly: Faysal Special Savings Plan I),https://sarmaaya.pk/mutual-funds/fund/3d1300ba-0f6d-44c6-a2c2-4d61986e7777,0.38%,1.63%,14.60%
Alfalah Pension Fund - II (Formerly: Faysal Pension Fund),https://sarmaaya.pk/mutual-funds/fund/ea07f544-bd74-4126-a197-bd883e352d95,10.15%,11.14%,14.59%
Atlas KPK Islamic Pension Fund,https://sarmaaya.pk/mutual-funds/fund/65608f37-48ee-4b54-a256-0a8aa118ab8f,0%,11.26%,14.54%
Alfalah GHP Cash Fund,https://sarmaaya.pk/mutual-funds/fund/2602024a-9498-4898-ad61-eafc66dbe09a,9.38%,9.74%,14.54%
NIT Islamic Pension Fund,https://sarmaaya.pk/mutual-funds/fund/b7f62df8-577f-420b-9cb0-d875d0991b1e,11.64%,9.29%,14.52%
AL Habib Money Market Fund,https://sarmaaya.pk/mutual-funds/fund/c4952e08-f290-4b3f-ad4e-24c578558840,13.61%,9.80%,14.51%
ABL Pension Fund,https://sarmaaya.pk/mutual-funds/fund/1e80c86d-63c1-4c13-82f2-6aeeb82fc8b3,11.39%,9.57%,14.51%
Pak Qatar Cash Plan,https://sarmaaya.pk/mutual-funds/fund/37353944-8a55-4701-877f-7b10a840e2ca,7.26%,11.18%,14.49%
Alhamra Cash Management Optimizer,https://sarmaaya.pk/mutual-funds/fund/65b8cfbc-65ae-4afd-ba36-83926c6a9350,8.83%,10.08%,14.49%
Al Ameen Islamic Retirement Savings Fund,https://sarmaaya.pk/mutual-funds/fund/f7bde694-50cf-43f9-b254-7720a2ba521d,5.55%,10.92%,14.45%
Pak Oman Micro Finance Fund,https://sarmaaya.pk/mutual-funds/fund/550d9de4-3f08-4416-8657-71331210bd5d,10.73%,9.87%,14.39%
UBL Retirement Saving Fund,https://sarmaaya.pk/mutual-funds/fund/cd98d235-4292-4e44-a6ed-096c1671951c,12.78%,9.01%,14.33%
Faysal Islamic Special Income Plan III,https://sarmaaya.pk/mutual-funds/fund/ab2a203a-6832-4228-9e1d-f4b9fb7248c8,6.57%,5.94%,14.33%
Alfalah GHP Islamic Prosperity Planning Fund (Alfalah GHP Islamic Balance Allocation Plan),https://sarmaaya.pk/mutual-funds/fund/9929b3fe-ac83-4e72-9b39-30976da0dcaa,1.20%,-4.54%,14.32%
Atlas Islamic Money Market Fund,https://sarmaaya.pk/mutual-funds/fund/6142c280-ada7-45cf-8a7f-32e8f4db37ba,3.54%,9.86%,14.29%
Alfalah GHP Islamic Pension Fund,https://sarmaaya.pk/mutual-funds/fund/3d65980a-a405-4b9c-8ca1-e1f9bae290b7,11.53%,10.69%,14.29%
Faysal Islamic Cash Fund,https://sarmaaya.pk/mutual-funds/fund/97c814f9-3854-4ac1-9043-044381d9ac72,10.40%,8.98%,14.28%
Alfalah Islamic Money Market Fund,https://sarmaaya.pk/mutual-funds/fund/173efcbf-4302-4513-9727-8000f31c618c,9.16%,10.27%,14.28%
AL Habib Islamic Income Fund,https://sarmaaya.pk/mutual-funds/fund/68d670c9-c6dc-472e-94b8-5765068198f9,2.15%,13.42%,14.26%
NBP Islamic Daily Dividend Fund,https://sarmaaya.pk/mutual-funds/fund/790b56ef-de96-48a0-815a-d36bc35714f4,8.76%,10.08%,14.25%
HBL Islamic Money Market Fund,https://sarmaaya.pk/mutual-funds/fund/7c7025ce-b6fa-4369-be6d-3c43f088c480,-5.47%,11.93%,14.25%
NBP Islamic Mahana Amdani Fund,https://sarmaaya.pk/mutual-funds/fund/1f240308-7ff7-4ef9-99fc-242c27a0aeb0,7.26%,9.63%,14.25%
NBP Islamic Money Market Fund,https://sarmaaya.pk/mutual-funds/fund/a0d07db8-5e76-45bd-b205-c0bcc6866c71,8.83%,9.79%,14.23%
NIT Islamic Money Market Fund,https://sarmaaya.pk/mutual-funds/fund/1f0596a6-3c9f-4783-9bef-e0dd1dc67e0b,9.75%,10.27%,14.21%
Faysal Islamic Special Income Plan I,https://sarmaaya.pk/mutual-funds/fund/51701abd-905f-4224-81a0-1a02f6aea799,-12.08%,13.96%,14.20%
Alfalah KPK Employee Pension Fund,https://sarmaaya.pk/mutual-funds/fund/bc7209de-db77-4d3b-b17b-8446340f11f3,20.95%,18.15%,14.20%
JS Islamic Money Market Fund (Formerly: JS Islamic Daily Dividend Fund),https://sarmaaya.pk/mutual-funds/fund/523e4d65-e1f9-4ca7-b7f9-321a4ff13fda,9.64%,10.18%,14.19%
MCB Alhamra KPK Govt Employees Pension Fund,https://sarmaaya.pk/mutual-funds/fund/375b972f-6d96-4d60-a20a-ddf0ff2582ed,9.34%,14.28%,14.19%
Askari Cash Fund,https://sarmaaya.pk/mutual-funds/fund/1b4a9812-fba7-40a5-a2a1-01213ed3f906,8.10%,9.51%,14.17%
ABL Islamic Cash Fund,https://sarmaaya.pk/mutual-funds/fund/a5e60f4e-689c-4844-a434-b0af693477cf,10.51%,10.64%,14.14%
Pak Qatar Khalis Bachat Plan,https://sarmaaya.pk/mutual-funds/fund/f089a46e-ddce-4f6a-9b66-36c902184fe5,1.90%,7.51%,14.14%
NAFA Islamic Pension Fund,https://sarmaaya.pk/mutual-funds/fund/6990e030-8a48-434f-a611-13adc29f6a94,8.54%,11.86%,14.11%
NIT Islamic Income Fund,https://sarmaaya.pk/mutual-funds/fund/0e21fa03-80de-4e66-aa75-be5b04bc9e35,9.45%,10.31%,14.10%
HBL Money Market Fund,https://sarmaaya.pk/mutual-funds/fund/38397579-4e7d-4131-bdd9-dd1c64b5dbd4,22.19%,8.85%,14.09%
Mahaana Islamic Cash Fund,https://sarmaaya.pk/mutual-funds/fund/ec7b94bf-78a0-4078-a7a6-3abba8987fd6,9.42%,10.30%,14.07%
Alfalah Islamic Rozana Amdani Fund,https://sarmaaya.pk/mutual-funds/fund/217a0d5a-200c-47a5-b668-34f65d4deba2,9.42%,10.26%,14.05%
HBL Islamic Pension Fund,https://sarmaaya.pk/mutual-funds/fund/86b4daeb-4f3e-4290-8554-2f0b3b2fbc75,19.02%,9.69%,14.04%
NBP Islamic Income Fund,https://sarmaaya.pk/mutual-funds/fund/4daf239b-276b-4002-ac49-0847338718bd,1.46%,10.23%,14.01%
Al Ameen Islamic Cash Plan I,https://sarmaaya.pk/mutual-funds/fund/2687c387-b33b-42b7-ad38-7b62867f35e3,9.89%,9.66%,13.99%
Al Ameen Islamic Cash Fund,https://sarmaaya.pk/mutual-funds/fund/3c97a97b-fb28-4395-94f5-2184470f031f,4.05%,9.70%,13.99%
AL Habib Islamic Savings Fund,https://sarmaaya.pk/mutual-funds/fund/ee5d8a4d-62b9-49a7-a7db-2249e63a38fb,5.22%,12.91%,13.98%
ABL Islamic Money Market Plan I,https://sarmaaya.pk/mutual-funds/fund/bc148449-d667-4cb2-9cd9-86d900a2e1ed,11.24%,10.96%,13.97%
Alfalah GHP Islamic Income Fund,https://sarmaaya.pk/mutual-funds/fund/66a76a69-e0a6-42e6-a782-962d34542a8e,10.48%,11.62%,13.97%
Alhamra Islamic Money Market Fund,https://sarmaaya.pk/mutual-funds/fund/11ecc179-ff6e-4e4c-8765-eed837de7953,9.20%,8.75%,13.97%
Faysal Islamic Financial Growth Fund (Faysal Islamic Financial Growth Plan I),https://sarmaaya.pk/mutual-funds/fund/530f1f57-2bef-4ef7-b157-f445338fe3d7,7.01%,8.88%,13.96%
NBP Riba Free Savings Fund,https://sarmaaya.pk/mutual-funds/fund/af8b0c43-5226-4654-a201-542ead3cd031,9.53%,9.75%,13.94%
Pak Qatar Daily Dividend Plan,https://sarmaaya.pk/mutual-funds/fund/8c0f265f-fe05-43f3-a2d8-3c1fd3de82e8,10.37%,7.82%,13.88%
NBP Islamic Savings Fund,https://sarmaaya.pk/mutual-funds/fund/9ba900b8-4944-44e8-ab4b-e101f235926a,10.73%,10.10%,13.85%
HBL KPK Islamic Pension Fund,https://sarmaaya.pk/mutual-funds/fund/a11e4ddc-6efd-42b4-ab80-3ee5fc034ec8,5.51%,6.82%,13.82%
Lakson Islamic Money Market Fund,https://sarmaaya.pk/mutual-funds/fund/9e38fb37-64e5-45eb-bfff-017058e4759d,10.04%,10.68%,13.78%
NAFA Islamic Pension Fund,https://sarmaaya.pk/mutual-funds/fund/1f36a6cf-e7b9-48d1-905b-984d39f8b9ca,11.13%,11.79%,13.76%
Meezan Rozana Amdani Fund,https://sarmaaya.pk/mutual-funds/fund/5385b72f-44fe-4f98-bee3-0f275a05b148,9.85%,9.28%,13.76%
Atlas Pension Islamic Fund,https://sarmaaya.pk/mutual-funds/fund/2616c271-9cbc-4dd9-9d87-f30adb201d8b,0.77%,9.53%,13.75%
ABL Islamic Financial Planning Fund (Conservative Allocation Plan),https://sarmaaya.pk/mutual-funds/fund/b065e664-7996-4dd6-a0dc-c8d61bb6ffff,0.03%,0.94%,13.74%
HBL KPK Pension Fund,https://sarmaaya.pk/mutual-funds/fund/017ec750-b687-4868-b255-2391f6b0385f,13.29%,8.94%,13.74%
AWT Financial Sector Income Fund,https://sarmaaya.pk/mutual-funds/fund/79435957-6c71-4b1b-af92-cd4e2e9fa1e5,7.85%,7.86%,13.71%
AL Habib Islamic Cash Fund,https://sarmaaya.pk/mutual-funds/fund/5490a49d-24d9-4dc2-8f5b-97f72bf80677,9.20%,9.75%,13.67%
Faysal Islamic Sovereign Fund (Faysal Islamic Sovereign Plan II),https://sarmaaya.pk/mutual-funds/fund/e57f69dc-cb15-4b8b-9b85-ce37f6b20da1,-41.68%,15.89%,13.63%
Meezan Daily Income Fund (MDIP I),https://sarmaaya.pk/mutual-funds/fund/e60ffab4-0c95-4fb5-bacf-b042a6db44e7,9.93%,9.15%,13.54%
Meezan Cash Fund,https://sarmaaya.pk/mutual-funds/fund/a0674272-8a64-4fb8-b708-4e60a1e7f135,11.64%,9.81%,13.51%
ABL Islamic Pension Fund,https://sarmaaya.pk/mutual-funds/fund/da920268-91cf-40e1-97df-d30ea4733ed2,5.62%,12.15%,13.50%
NIT Islamic Pension Fund,https://sarmaaya.pk/mutual-funds/fund/79f62161-25cb-46a7-b7ac-71cbbda37fc0,27.52%,9.81%,13.41%
Alhamra Daily Dividend Fund,https://sarmaaya.pk/mutual-funds/fund/7835c6eb-5184-47b7-9c77-bf4bb572cce7,8.80%,12.32%,13.38%
HBL Islamic Income Fund,https://sarmaaya.pk/mutual-funds/fund/d4a6dd42-f415-480b-8c3e-ecd1609a90d0,9.20%,11.94%,13.38%
HBL Islamic Savings Plan I,https://sarmaaya.pk/mutual-funds/fund/6eaf7ec6-0633-4003-96d9-d131951370f0,45.04%,12.41%,13.37%
Meezan Islamic Income Fund,https://sarmaaya.pk/mutual-funds/fund/b4323cd2-b729-4122-9678-7150f95c868a,9.82%,-5.33%,13.30%
Alfalah Islamic Sovereign Fund (Alfalah Islamic Sovereign Plan II),https://sarmaaya.pk/mutual-funds/fund/3c72f89f-70f4-4e2f-b54d-f4a05df8c391,5.07%,16.51%,13.29%
Alfalah Islamic Sovereign Fund (Alfalah Islamic Sovereign Plan I),https://sarmaaya.pk/mutual-funds/fund/fe161e1f-4585-472e-a190-39bac7d74714,8.25%,7.98%,13.25%
Faysal Halal Amdani Fund,https://sarmaaya.pk/mutual-funds/fund/67d82e82-d77d-45e0-be84-3305b605f0c5,10.37%,9.10%,13.22%
Meezan Daily Income Fund (Meezan Munafa Plan I),https://sarmaaya.pk/mutual-funds/fund/4021c591-4da4-48f5-ba76-5b7b6059298c,6.61%,10.18%,13.10%
Pak Qatar Asan Munafa Plan,https://sarmaaya.pk/mutual-funds/fund/b6a0992f-8d25-4d3a-91bc-33bdf298a8c5,1.64%,6.80%,12.99%
Alfalah Special Savings Fund - II (Formerly: Faysal Special Savings Plan II),https://sarmaaya.pk/mutual-funds/fund/8a37c143-5401-4549-ae71-e2b0071f2ca2,0.37%,1.63%,12.99%
Faysal Islamic Sovereign Fund (Faysal Islamic Sovereign Plan I),https://sarmaaya.pk/mutual-funds/fund/f9218019-37af-458f-915f-2bb15e27b419,-49.24%,17.56%,12.98%
JS Islamic Income Fund,https://sarmaaya.pk/mutual-funds/fund/bd3934cc-f5b7-4b40-afc4-b2d86da65bfe,9.49%,9.50%,12.93%
AL Habib GOKP Islamic Pension Fund,https://sarmaaya.pk/mutual-funds/fund/9ddce357-9d75-4c09-9a36-5fdbc982d352,2.37%,7.64%,12.93%
Meezan Daily Income Fund (Meezan Super Saver Plan) (MSSP),https://sarmaaya.pk/mutual-funds/fund/bb74d84b-df7c-4b88-9c0f-3c8dee5ee5a3,-3.69%,9.64%,12.87%
Mahaana Islamic Index Exchange Traded Fund,https://sarmaaya.pk/mutual-funds/fund/f1dffbba-68d9-4c46-9b04-3ce5a40b368f,-15.19%,-15.80%,12.83%
Alfalah Financial Sector Opportunity Fund (Formerly: Faysal Financial Sector Opportunity Fund),https://sarmaaya.pk/mutual-funds/fund/8dcdde5d-4bbc-4879-a0af-3a1cf8a8cf31,9.56%,10.51%,12.74%
Meezan Sovereign Fund,https://sarmaaya.pk/mutual-funds/fund/291ba484-9b26-49c7-9ff8-2cea7e1b7894,6.97%,9.04%,12.65%
Faysal Islamic KPK Government Pension Fund,https://sarmaaya.pk/mutual-funds/fund/444b6895-4753-413e-a8c7-0ed664ecff21,9.71%,11.32%,12.58%
NIT KP Islamic Pension Fund,https://sarmaaya.pk/mutual-funds/fund/1d10ff44-ee06-4f3f-929e-d2dbd3535748,7.45%,8.45%,12.50%
Alfalah Islamic KPK Employee Pension Fund,https://sarmaaya.pk/mutual-funds/fund/c1608485-35f6-486b-9949-2c37cb3a7332,4.49%,9.03%,12.42%
Pak Oman Income Fund,https://sarmaaya.pk/mutual-funds/fund/0145fd6c-11e8-4d17-9f21-5c968ae85794,8.39%,7.81%,12.39%
AL Habib Islamic Pension Fund,https://sarmaaya.pk/mutual-funds/fund/020de6c4-d1e0-406d-ae80-03e0970fca3b,3.29%,8.45%,12.28%
AL Habib Islamic Pension Fund,https://sarmaaya.pk/mutual-funds/fund/63696cbd-bc4a-4d50-a078-7568a1d45459,1.46%,7.28%,12.27%
JS Islamic Pension Savings Fund,https://sarmaaya.pk/mutual-funds/fund/b66c1fb4-70d2-4946-9731-96137f0b0510,7.52%,7.36%,12.14%
Askari High Yield Scheme,https://sarmaaya.pk/mutual-funds/fund/c2ec855b-098a-4e5e-8cca-7948ac7b3cff,73.88%,8.65%,12.04%
ABL Islamic Pension Fund,https://sarmaaya.pk/mutual-funds/fund/01fc8b8a-b36d-4059-9c0d-c35ef0ccce07,4.89%,14.44%,11.98%
ABL GOKP Islamic Pension Fund,https://sarmaaya.pk/mutual-funds/fund/6695a37d-6617-4491-83d1-1ca6389dbbb4,11.53%,11.33%,11.54%
Lakson Asset Allocation Developed Markets Fund,https://sarmaaya.pk/mutual-funds/fund/8179e8fb-f7be-46bc-bfb6-90f138ce66ba,0.05%,0.99%,11.45%
Meezan Daily Income Fund (Meezan Mahana Munafa Plan),https://sarmaaya.pk/mutual-funds/fund/f59d97bf-9cf6-48ae-9353-f4d1f9087be2,8.39%,8.65%,11.34%
Pak Oman Advantage Islamic Income Fund,https://sarmaaya.pk/mutual-funds/fund/f01e3d36-d05b-4847-999f-0d827d3d506d,7.96%,7.85%,11.11%
Meezan Financial Planning Fund of Funds (Very Conservative Allocation Plan),https://sarmaaya.pk/mutual-funds/fund/d1b83dad-2e25-42ca-b556-f9be6f9bd623,0.01%,0.64%,11.10%
Pak Oman Daily Dividend Fund,https://sarmaaya.pk/mutual-funds/fund/c8eee24e-dbd0-478a-ab4b-6dca8c307584,2.19%,5.12%,10.69%
Al Ameen Voluntary Pension Fund KPK,https://sarmaaya.pk/mutual-funds/fund/866b0141-9398-4618-af20-6a23233c2b44,8.21%,8.41%,10.69%
Meezan Daily Income Fund (Meezan Sehl Account Plan) (MSHP),https://sarmaaya.pk/mutual-funds/fund/59388468-886e-43d6-9bcd-3d31015ad484,7.30%,6.90%,10.54%
Alfalah KTrade Islamic Plan VII,https://sarmaaya.pk/mutual-funds/fund/2359183e-0047-4c6b-b6fa-9af83b7640ae,0.01%,1.23%,9.42%
AKD Aggressive Income Fund,https://sarmaaya.pk/mutual-funds/fund/90949565-7166-4cab-858b-2f2e96418792,14.27%,8.57%,8.10%
Alfalah Income & Growth Fund (Formerly: Faysal Income & Growth Fund),https://sarmaaya.pk/mutual-funds/fund/371dd402-c658-4ef4-b6b4-6b49c96e710d,-9.31%,-11.79%,7.89%
ABL Islamic Asset Allocation Fund,https://sarmaaya.pk/mutual-funds/fund/2be5a242-5dfb-431d-99f6-0aba9de08c7d,0%,0.30%,6.35%
UBL Income Opportunity Fund,https://sarmaaya.pk/mutual-funds/fund/7541d825-7b93-41b6-ab5c-5d7855d46b4f,7.74%,-162.55%,0.55%
Alfalah Money Market Fund - II (Formerly: Faysal Money Market Fund),https://sarmaaya.pk/mutual-funds/fund/ecd6f301-d879-4e35-8faf-9c13780e40e1,2.99%,-140.16%,0.45%
HBL Government Securities Fund,https://sarmaaya.pk/mutual-funds/fund/1409f9a2-1b52-4a71-9ad1-062ff64816c9,75.30%,-181.57%,0.35%
Alfalah MTS Fund (Formerly: Faysal MTS Fund),https://sarmaaya.pk/mutual-funds/fund/c6d1216b-54cf-4894-92ca-1ba34c18cd7c,10.59%,-124.88%,0.34%
Lucky Islamic Money Market Fund,https://sarmaaya.pk/mutual-funds/fund/7d1558d8-49fc-4ddd-928a-7e6df21283cc,10.18%,10.51%,0%
Alfalah Stable Return Plan XII,https://sarmaaya.pk/mutual-funds/fund/8cf09c58-c2eb-458a-a531-9ce6ec5b5f9a,9.93%,10.29%,0%
UBL Fixed Return Plan IV (M),https://sarmaaya.pk/mutual-funds/fund/653a5b24-a7ad-4932-8112-c8f246997808,29.27%,10.97%,0%
UBL Fixed Return Plan IV (P),https://sarmaaya.pk/mutual-funds/fund/8b3f9750-6b8f-4c0a-a083-9f3fb6d82ad1,10.73%,11.02%,0%
Alfalah Stable Return Plan XV,https://sarmaaya.pk/mutual-funds/fund/8b17831f-2076-4e5b-abab-9e33a139efda,7.92%,10.56%,0%
Alfalah Government Securities Fund Plan I,https://sarmaaya.pk/mutual-funds/fund/85953e95-b9ee-4fa6-9ff6-eb9aab9f7720,96.03%,14.70%,0%
AWT Islamic Pension Fund,https://sarmaaya.pk/mutual-funds/fund/5f95692d-740a-455d-8f95-df45ad4be8d1,7.21%,1.72%,0%
Alfalah Stable Return Fund Plan XVIII,https://sarmaaya.pk/mutual-funds/fund/68e656ff-c94d-4b66-8c45-15e0bcc08f6f,24.20%,10.79%,0%
UBL Fixed Return Plan IV (N),https://sarmaaya.pk/mutual-funds/fund/5fa26536-de53-4505-8883-c5112ae0372e,10.84%,12.46%,0%
Pak-Qatar Asset Allocation Plan III (PQAAP IIIA),https://sarmaaya.pk/mutual-funds/fund/9443e6fb-fdb9-4dfb-9076-7bddd245ab43,6.90%,-3.01%,0%
Meezan Paidaar Munafa Plan XIV,https://sarmaaya.pk/mutual-funds/fund/83b304fc-8b8c-4b4f-91c6-1965a04d8cda,0.37%,10.84%,0%
NBP Fixed Term Munafa Plan I (A),https://sarmaaya.pk/mutual-funds/fund/79240ae0-7205-48fd-bebf-cc3fed207fb2,0%,16.49%,0%
Faysal Islamic Stock Fund II,https://sarmaaya.pk/mutual-funds/fund/772cb6fe-53e5-4744-8131-b9ed3616237c,5.99%,2.02%,0%
AL Habib Fixed Return Fund Plan 20,https://sarmaaya.pk/mutual-funds/fund/72930049-708e-4ee8-9a4d-c1c97be96562,31.54%,11.37%,0%
Alfalah Strategic Allocation Fund Plan - I,https://sarmaaya.pk/mutual-funds/fund/6aee2a23-efa8-4251-b792-6522583416a3,5.68%,1.62%,0%
ABL Fixed Rate Plan XV,https://sarmaaya.pk/mutual-funds/fund/8246b3fd-da51-44c6-bb25-67dbaa1db796,11.46%,10.76%,0%
Faysal Islamic Mustakil Munafa Fund (Faysal Islamic Mehdood Muddat Plan VIII),https://sarmaaya.pk/mutual-funds/fund/7cf22932-719b-4ead-8dce-74fbeed93c41,10.51%,0%,0%
Alfalah Financial Value Fund - II (Formerly Faysal Financial Value Fund),https://sarmaaya.pk/mutual-funds/fund/6896f149-d403-4f9c-8694-5a57afb4389c,0.19%,0.10%,0%
Lucky Islamic Fixed Term Fund Plan I,https://sarmaaya.pk/mutual-funds/fund/7bcf4f52-c333-4aeb-a4b7-56187294afed,10.55%,0%,0%
Lucky Islamic Stock Fund,https://sarmaaya.pk/mutual-funds/fund/cb2da665-c587-4570-8e3d-a79960909a53,7.44%,1.81%,0%
Faysal Islamic Mustakil Munafa Fund (Faysal Islamic Mehdood Muddat Plan VI),https://sarmaaya.pk/mutual-funds/fund/c7fd3d35-3c0c-42f1-a910-bef780f9951f,10.99%,11.04%,0%
JS Fixed Term Munafa Fund (JS Fixed Term Munafa Plan XI),https://sarmaaya.pk/mutual-funds/fund/c5eed00d-caf0-4907-950e-6563d1e85db0,184%,21.52%,0%
AL Habib Sovereign Income Fund Plan 3,https://sarmaaya.pk/mutual-funds/fund/c1291273-fd3c-4aca-871b-39109a001ab1,14.34%,0%,0%
Faysal Islamic Mustakil Munafa Fund (Faysal Islamic Mehdood Muddat Plan VII),https://sarmaaya.pk/mutual-funds/fund/bed41420-f8a8-4f0f-9bfd-e703d75d3de2,10.91%,10.46%,0%
AL Habib Fixed Return Fund Plan 21,https://sarmaaya.pk/mutual-funds/fund/bd7fd28c-c8c5-42a8-bbf1-7b057455067d,13.18%,11.22%,0%
AL Habib Sovereign Income Fund Plan 2,https://sarmaaya.pk/mutual-funds/fund/bc6a1478-666c-4d9c-b26f-a77b45c45e81,14.34%,0%,0%
Meezan Paidaar Munafa Plan XIX,https://sarmaaya.pk/mutual-funds/fund/d9b89c21-16f4-4955-9257-30b5d3727c91,10%,0%,0%
UBL Fixed Return Plan IV (L),https://sarmaaya.pk/mutual-funds/fund/dc25f0fb-14ca-4e44-ba12-6550faae4266,18.03%,11%,0%
Alfalah Stable Return Fund Plan XIX,https://sarmaaya.pk/mutual-funds/fund/dab7c2c6-37ff-4387-9aed-b64993ed9681,13.65%,10.21%,0%
Faysal Islamic Asset Allocation Fund II,https://sarmaaya.pk/mutual-funds/fund/da9001a3-993e-4532-9fc2-63092af98e66,4.04%,-0.37%,0%
JS Fixed Term Munafa Fund (JS Fixed Term Munafa Plan XIII),https://sarmaaya.pk/mutual-funds/fund/cf66be3b-1661-499f-af5e-b1fe2a28d2be,54.79%,12.02%,0%
Faysal Islamic Financial Planning Fund II (Faysal Priority Ascend Plan III),https://sarmaaya.pk/mutual-funds/fund/ccf8cd11-1354-4afc-9ef1-d8d7d1a5098e,0.03%,0%,0%
UBL Fixed Return Plan IV (K),https://sarmaaya.pk/mutual-funds/fund/9c85d243-6898-4c01-878d-5d7dee26532d,22.37%,10.37%,0%
Faysal Islamic Financial Growth Plan II,https://sarmaaya.pk/mutual-funds/fund/9c58e740-2975-4ee9-8b7c-45b44da86bb8,3.39%,8.96%,0%
Alfalah Government Securities Fund Plan II,https://sarmaaya.pk/mutual-funds/fund/9a7338a7-cc24-4c86-af3e-e0fa1946d529,41.14%,15.79%,0%
JS Fixed Term Munafa Fund (JS Fixed Term Munafa Plan XIV),https://sarmaaya.pk/mutual-funds/fund/989f359e-ddcc-4259-95b8-22da335d67bf,103.55%,10.37%,0%
ABL Fixed Rate Plan IX,https://sarmaaya.pk/mutual-funds/fund/bad05776-f62d-4afe-ba19-011fddb95af4,13.76%,11.33%,0%
NBP Fixed Term Munafa Plan XIX,https://sarmaaya.pk/mutual-funds/fund/b19b50f8-636b-4aab-a097-e105ba41a46c,0%,20.86%,0%
NBP Fixed Term Munafa Plan IV (A),https://sarmaaya.pk/mutual-funds/fund/b1231235-d73d-40e9-b724-65b6509efff3,0%,16.57%,0%
Alfalah Stable Return Fund Plan XX,https://sarmaaya.pk/mutual-funds/fund/ab8ded68-e5b3-4ee0-98c5-237366faef1d,95.67%,13.57%,0%
Lucky Islamic Income Fund,https://sarmaaya.pk/mutual-funds/fund/2b2e10c2-84b3-4575-b2d9-cd38397e95ca,10.37%,10.45%,0%
UBL Fixed Return Plan IV (G),https://sarmaaya.pk/mutual-funds/fund/252db440-f968-48ba-b66a-75b27df22749,8.76%,8.67%,0%
JS Fixed Term Munafa Fund (JS Fixed Term Munafa Plan XVII),https://sarmaaya.pk/mutual-funds/fund/2162b3c5-439b-4024-8958-b562c67304f6,69.97%,10.27%,0%
JS Fixed Term Munafa Fund (JS Fixed Term Munafa Plan XVI),https://sarmaaya.pk/mutual-funds/fund/36a2081d-361e-49f8-92a8-3198ae61c254,37.23%,10.47%,0%
Alfalah Stable Return Fund Plan XVII,https://sarmaaya.pk/mutual-funds/fund/319201e1-f957-49c7-8667-17c72d1e593c,10.40%,10.53%,0%
Faysal Khushal Mustaqbil Fund (Faysal Nuumah Women Savers Plan),https://sarmaaya.pk/mutual-funds/fund/31747256-da1d-416e-a740-9653910a98d3,0.02%,0.74%,0%
NBP Fixed Term Munafa Plan VII (A),https://sarmaaya.pk/mutual-funds/fund/30dbd5be-3dd1-4b5d-af93-cde6fbfcc42f,0%,12.84%,0%
Meezan Paidaar Munafa Plan XVIII,https://sarmaaya.pk/mutual-funds/fund/2e9d95be-49c9-4964-b1b9-7fdd203fa751,10.80%,10.89%,0%
AL Habib Fixed Return Fund Plan 19,https://sarmaaya.pk/mutual-funds/fund/2e63811a-3286-4d96-9da1-6dda953b165e,115.01%,13.92%,0%
AWT Islamic Pension Fund,https://sarmaaya.pk/mutual-funds/fund/04a3ca1c-cc1d-458e-a0c2-31cf68854236,9.60%,9.87%,0%
Atlas Islamic Cash Fund,https://sarmaaya.pk/mutual-funds/fund/040d3194-1ca9-40d4-86b3-1a9aa0b3b842,7.12%,10.14%,0%
AL Habib Sovereign Income Fund Plan 1,https://sarmaaya.pk/mutual-funds/fund/1dc69964-5f36-4f92-9e01-a0527c4e93ee,17.08%,0%,0%
NBP Fixed Term Munafa Plan XVI (NBP Mustahkam Fund II),https://sarmaaya.pk/mutual-funds/fund/1cc2a5eb-bb5c-47af-ad0f-3dabdcef82ee,0%,11.86%,0%
Faysal Khushal Mustaqbil Fund (Faysal Ujala Women Savers Plan),https://sarmaaya.pk/mutual-funds/fund/1c0ddb31-d994-4aea-ae76-93114639ec2d,0.03%,0.76%,0%
Alfalah Islamic Sovereign Fund (Alfalah Islamic Sovereign Plan III),https://sarmaaya.pk/mutual-funds/fund/1b9275a5-fc24-448b-9045-a01ad6a833f8,6.21%,10.51%,0%
AL Habib Fixed Return Fund Plan 22,https://sarmaaya.pk/mutual-funds/fund/18b28bf7-87b4-47cd-96b3-a5ec68272819,39.82%,9.71%,0%
JS Fixed Term Munafa Fund II (JS Fixed Term Munafa Plan II),https://sarmaaya.pk/mutual-funds/fund/17cc9556-7228-407b-ba31-005724514775,134.61%,12.96%,0%
JS Fixed Term Munafa Fund (JS Fixed Term Munafa Plan VI),https://sarmaaya.pk/mutual-funds/fund/509353df-83d6-4c2b-83f5-4337d0872e3a,12.85%,10.34%,0%
AWT Islamic Money Market Fund (Formerly: AWT Money Market Fund),https://sarmaaya.pk/mutual-funds/fund/50089d26-f3ab-40dc-8077-7e10dbaa6670,9.12%,10.09%,0%
ABL Fixed Rate Plan X,https://sarmaaya.pk/mutual-funds/fund/50e23647-fa20-4298-b474-044e8697284a,14.42%,10.94%,0%
Meezan Paidaar Munafa Plan XX,https://sarmaaya.pk/mutual-funds/fund/4a4575a2-1172-4eb6-ac49-5cf4e2b5ec4d,1.75%,0%,0%
AWT Islamic Pension Fund,https://sarmaaya.pk/mutual-funds/fund/49eb45a5-98d8-4513-b191-7ceb69767424,9.49%,9.72%,0%
NBP Islamic Fixed Term Munafa Plan IV,https://sarmaaya.pk/mutual-funds/fund/473628fc-d5c0-44a2-955e-493db4594d41,0%,12.58%,0%
ABL Fixed Rate Plan XIV,https://sarmaaya.pk/mutual-funds/fund/46df5270-b059-4681-aefa-b2c319cb2f80,11.79%,11.10%,0%
Meezan Dynamic Asset Allocation Fund (Meezan Dividend Yield Plan),https://sarmaaya.pk/mutual-funds/fund/577b4243-ec39-479b-bf89-fbd18187ede2,6.12%,4.14%,0%
Faysal Khushal Mustaqbil Fund (Faysal Barakah Women Savers Plan),https://sarmaaya.pk/mutual-funds/fund/5727bb27-663e-4ff6-840e-d7bf287d6e4b,0.03%,0.78%,0%
JS Fixed Term Munafa Fund II (JS Fixed Term Munafa Plan I),https://sarmaaya.pk/mutual-funds/fund/55cd4adc-4a4b-4d3b-8ace-f041ad2ac31f,43.11%,8.35%,0%
786 Islamic Money Market Fund,https://sarmaaya.pk/mutual-funds/fund/55c24bce-88e5-4b5b-9b5f-9e61ca31f961,8.10%,8.13%,0%
ABL Islamic Sovereign Plan I,https://sarmaaya.pk/mutual-funds/fund/5538ee56-0488-47b8-9bbb-cdb403223628,7.41%,12.18%,0%
UBL Fixed Return Plan IV (O),https://sarmaaya.pk/mutual-funds/fund/51d40065-f12e-452a-8604-ff3e72bfd201,9.34%,13.26%,0%
JS Fixed Term Munafa Fund (JS Fixed Term Munafa Plan XV),https://sarmaaya.pk/mutual-funds/fund/f15a58a8-cab8-43d9-bca9-a6d980100107,35.37%,10.74%,0%
ABL Fixed Rate Plan V,https://sarmaaya.pk/mutual-funds/fund/f4464403-5d25-4cb0-b513-b38a78edac5e,14.42%,10.77%,0%
Alfalah Stable Return Plan XIII,https://sarmaaya.pk/mutual-funds/fund/e2953529-1d1e-4565-83ab-57997bbbe8c7,12.96%,10.20%,0%
Faysal Islamic Mustakil Munafa Fund (Faysal Islamic Mehdood Muddat Plan V),https://sarmaaya.pk/mutual-funds/fund/e79cccf9-69b4-4bd7-afbd-91a0c6ceb850,10.88%,11.03%,0%
MCB DCF Fixed Return Plan X,https://sarmaaya.pk/mutual-funds/fund/f71d0e99-c850-4b61-bfdb-251292f42a81,23.21%,-8.74%,0%
MCB Pakistan Fixed Return Plan 23,https://sarmaaya.pk/mutual-funds/fund/ed882b58-1432-49fb-9aeb-da41fbdb14b2,12.63%,9.83%,0%
UBL Fixed Return Plan I (V),https://sarmaaya.pk/mutual-funds/fund/f9fe3683-42ba-4619-8148-65af667802b2,13.36%,10.52%,0%
MCB DCF Fixed Return III (Plan I),https://sarmaaya.pk/mutual-funds/fund/38266ce8-28ab-48fe-b07e-933ee3d7e488,10.91%,-165.38%,0%
Al Ameen Islamic Fixed Term Plan I (M),https://sarmaaya.pk/mutual-funds/fund/92743494-1085-4ca5-a8cb-3ddab51db488,3.54%,7.05%,0%
MCB DCF Fixed Return Plan IX,https://sarmaaya.pk/mutual-funds/fund/54c8962d-efa0-4f4b-bed6-b240d4ba1877,13.76%,11.02%,0%
UBL Fixed Return Plan II (Y),https://sarmaaya.pk/mutual-funds/fund/c5211840-22c8-41e2-b668-ba33a8199286,12.88%,10.64%,0%
Alhamra Wada Plan (Alhamra Wada Plan XVII),https://sarmaaya.pk/mutual-funds/fund/c174a877-1766-4a82-88e8-7a0fbd0ed303,8.36%,12.69%,0%
Alhamra Wada Plan (Alhamra Wada Plan XVIII),https://sarmaaya.pk/mutual-funds/fund/c0b23f62-d9ad-4158-8b7d-17f2520f76c7,11.10%,11.16%,0%
UBL Fixed Return Plan II (V),https://sarmaaya.pk/mutual-funds/fund/180d1e03-4764-4a5f-95ba-d8ac9916479d,10.51%,10.34%,0%
UBL Fixed Return Plan III (X),https://sarmaaya.pk/mutual-funds/fund/65014e16-04fb-441c-a6d6-78356af20d68,10.55%,10.69%,0%
MCB DCF Fixed Return III (Plan IV),https://sarmaaya.pk/mutual-funds/fund/07f0d4cb-ca76-480c-bfc2-9bd5307e224d,1.93%,-104.36%,0%
MCB DCF Fixed Return Plan VIII,https://sarmaaya.pk/mutual-funds/fund/083b7797-19b1-49f8-8aa3-efd74c40a8ef,16.10%,-25.52%,0%
Al Ameen Islamic Fixed Return Plan I (P),https://sarmaaya.pk/mutual-funds/fund/d2179a4d-4023-498a-8efd-6c9836fb99e9,5.58%,4.13%,0%
MCB DCF Fixed Return III (Plan II),https://sarmaaya.pk/mutual-funds/fund/56475ebc-7733-4472-91cc-8b2442098f44,24.45%,-143.15%,0%
UBL Fixed Return Plan II (Z),https://sarmaaya.pk/mutual-funds/fund/39a5c817-a620-4817-95fe-2441d59968bf,13.65%,10.83%,0%
MCB DCF Fixed Return III (Plan VI),https://sarmaaya.pk/mutual-funds/fund/4f9944e9-ce3b-4a14-8079-f28956c529eb,11.90%,0%,0%
ABL Fixed Rate Plan XVI,https://sarmaaya.pk/mutual-funds/fund/b46e910b-9607-4780-92d7-a5c16d049bbc,12.74%,10.89%,0%
MCB Investment Savings Plan I,https://sarmaaya.pk/mutual-funds/fund/4c148ba4-6cf9-4730-8db0-c9d1f1de4c88,8.91%,9.51%,0%
UBL Fixed Return Plan I (T),https://sarmaaya.pk/mutual-funds/fund/25f29fb3-f424-4343-adde-8757163f106f,10.66%,10.66%,0%
UBL Fixed Return Plan I (O),https://sarmaaya.pk/mutual-funds/fund/4bc2d51e-f77e-40d6-8ac9-c16b2b716163,12.34%,10.48%,0%
UBL Fixed Return Plan II (U),https://sarmaaya.pk/mutual-funds/fund/29b9bb94-9d30-46ea-9876-cce3e79058e8,12.23%,10.33%,0%
MCB Government Securities Plan I,https://sarmaaya.pk/mutual-funds/fund/2ee9597a-32b2-46d1-b236-f315a66c95b9,23.69%,10.28%,0%
Alhamra Wada Plan (Alhamra Wada Plan XIX),https://sarmaaya.pk/mutual-funds/fund/83b06f3e-8b7e-4be8-bfe4-dc13fee55afa,10.77%,10.85%,0%
UBL Fixed Return Plan I (U),https://sarmaaya.pk/mutual-funds/fund/82f49ea4-61c8-4870-8e7b-babb662b174d,12.96%,11.37%,0%
UBL Fixed Return Plan III (S),https://sarmaaya.pk/mutual-funds/fund/bc3d751b-9bc5-4fdf-abb4-430d43c15fc8,11.90%,10.57%,0%
MCB DCF Fixed Return II (Plan III),https://sarmaaya.pk/mutual-funds/fund/44648496-621a-483f-9fc6-42662c1468ae,59.71%,-85.44%,0%
Mahaana IGI Islamic Retirement Fund,https://sarmaaya.pk/mutual-funds/fund/48ccf491-7c1a-4f66-8157-dad8c3363c72,27.45%,0%,0%
Mahaana IGI Islamic Retirement Fund,https://sarmaaya.pk/mutual-funds/fund/3f55a009-1ca5-43bd-a2d7-a51139b93767,11.94%,0%,0%
Mahaana IGI Islamic Retirement Fund,https://sarmaaya.pk/mutual-funds/fund/952e12b7-2487-42f0-80dd-5e3e4c3f31c1,-0.59%,0%,0%
HBL Mehfooz Munafa Fund Plan VIII,https://sarmaaya.pk/mutual-funds/fund/b973110e-05a8-4dea-80a8-b92c4846dc03,11.32%,11.43%,0%
UBL Fixed Return Plan II (X),https://sarmaaya.pk/mutual-funds/fund/3cacdfd8-f402-4a51-bcb5-b8f52a9864e5,8.91%,11.18%,0%
Faysal Islamic Mustakil Munafa Fund (Faysal Islamic Mehdood Muddat Plan IV),https://sarmaaya.pk/mutual-funds/fund/ab1313db-d8ca-4d64-bf0e-b864101ae569,13.72%,10.82%,0%
AL Habib Fixed Return Fund Plan 16,https://sarmaaya.pk/mutual-funds/fund/d96ac6c5-35e4-45b5-9c99-1bee9ffe5b27,-1.24%,9.68%,0%
AL Habib Fixed Return Fund Plan 18,https://sarmaaya.pk/mutual-funds/fund/2ae05e9a-4b97-4600-a03a-26d7a9294f10,10%,10.21%,0%
AL Habib Fixed Return Fund Plan 15,https://sarmaaya.pk/mutual-funds/fund/f1803e1b-4bda-45b2-aad0-7278e570556f,9.78%,10.13%,0%
UBL Fixed Return Plan I (R),https://sarmaaya.pk/mutual-funds/fund/d546dd43-bd8b-4b9b-a36e-a3d257051044,-4.05%,10.37%,0%
NBP Fixed Term Munafa Plan X (A),https://sarmaaya.pk/mutual-funds/fund/6f61757a-49f1-4491-b496-645b79c1ae2f,0%,12.79%,0%
NBP Fixed Term Munafa Plan IX (A),https://sarmaaya.pk/mutual-funds/fund/5d979db8-9cdf-430b-a03b-7dc33261daf4,0%,12.47%,0%
NBP Fixed Term Munafa Plan V (A),https://sarmaaya.pk/mutual-funds/fund/be189e4c-6e04-46fa-880d-74af39b3f53e,0%,12.48%,0%
Alfalah Financial Sector Income Plan II,https://sarmaaya.pk/mutual-funds/fund/d691e0b5-5d2f-4bc6-8377-f0fe5e861708,-36500%,-1216.67%,0%
Alfalah Stable Return Fund Plan XVI,https://sarmaaya.pk/mutual-funds/fund/6b7c335f-3cec-4ff6-ba91-477c980c1780,9.12%,10.88%,0%
JS Fixed Term Munafa Fund (JS Fixed Term Munafa Plan X),https://sarmaaya.pk/mutual-funds/fund/f0c89585-d04d-46c0-bde3-d85bbf4e97fc,11.83%,25.32%,0%
NBP Fixed Term Munafa Plan VI (A),https://sarmaaya.pk/mutual-funds/fund/f7bd2a91-e609-4a9e-8d09-77d7801ca9a6,855.92%,40.55%,0%
MCB DCF Fixed Return Plan VII,https://sarmaaya.pk/mutual-funds/fund/4617173e-17ea-4d0e-956c-82ec700885a8,951.01%,43.39%,0%
NBP Fixed Term Munafa Plan III (A),https://sarmaaya.pk/mutual-funds/fund/b6fb69f2-6718-4a91-881f-48f7f855fd76,2230.51%,86.77%,0%
UBL Fixed Return Plan III (T),https://sarmaaya.pk/mutual-funds/fund/93732754-4713-405b-a637-642ab519094e,10.15%,9.87%,0%
NBP Fixed Term Munafa Plan XVII (NBP Mustahkam Fund II),https://sarmaaya.pk/mutual-funds/fund/52594323-be53-4789-828b-977257a98075,0%,10.91%,0%
Faysal Islamic Mustakil Munafa Fund (Faysal Islamic Mehdood Muddat Plan III),https://sarmaaya.pk/mutual-funds/fund/43b5548b-81fa-46b8-80a4-9e2c99d5b15c,10.99%,11.01%,0%
Meezan Paidaar Munafa Plan XVII,https://sarmaaya.pk/mutual-funds/fund/0d7879ce-fef1-4107-bfec-9473bbde5b95,685.40%,33.65%,0%
UBL Special Savings Plan X,https://sarmaaya.pk/mutual-funds/fund/ddd3b4b6-65a1-4ddf-b8f6-a284f308f7c2,0.22%,9.84%,-2.55%
AKD Islamic Income Fund,https://sarmaaya.pk/mutual-funds/fund/a6a34c08-dbef-4958-9030-e714d9a6b861,8.21%,13.10%,-3.10%
Alfalah Financial Sector Income Fund,https://sarmaaya.pk/mutual-funds/fund/109954fd-d312-465a-aa03-52cfd36a0b84,20.95%,10.42%,-4.84%
AKD Cash Fund,https://sarmaaya.pk/mutual-funds/fund/eb2f5fbf-9879-454d-8dcf-0bdc15d7c1e7,12.74%,9.41%,-5.34%
HBL Islamic Asset Allocation Fund Plan I,https://sarmaaya.pk/mutual-funds/fund/dab3e22f-54cc-40ae-9b39-dc2902b2cf5a,0%,0.34%,-18.82%
